Burj Khalifa,828,Dubai,United Arab Emirates,
Merdeka 118,679,Kuala Lumpur,Malaysia,
Lotte World Tower,555,Seoul,South Korea,
CN Tower,553,Toronto,Canada,
One World Trade Center,541,New York,USA,
Shanghai World Financial Center,492,Shangai,China,
The Empire State Building,443,New York,USA,
Eiffel Tower,330,Paris,France,
The Shard,309,London,UK,
Golden Gate Bridge,227,San Francisco,USA,
Sagrada Familia,172,Barcelona,Spain,
The Great Pyramid of Giza,137,Egypt,Cairo,
St Peter's Basilica,137,Vatican City,Vatican,
London Eye,135,London,UK,
The Campanile,99,Venice,Italy,
Statue of Liberty,93,New York,USA,
Big Ben,96,London,UK,
Paris Notre-Dame,96,Paris,France,
Koutoubia Mosque,77,Marrakesh,Morocco,
Taj Mahal,73,Agra,India,
The Opera House,65,Sydney,Australia,
Tower of Pisa,58,Pisa,Italy,
The Blue Mosque,43,Istanbul,Turkey,